name,ra_Deg,dec_Deg,OBS_ID,PN_EXPIDSTR,PN_OBS_MODE,PN_DATE_OBS,GTI,photon_counts_0.3to10keV,photon_index_2to10keV,flux_0.3to10keV,luminosity_1d44_0.3to10keV
1ES 1927+654,291.8313,65.56506,0671860201,S002,PrimeSmallWindow,2011-05-20,28200.0,99866.27540715993,2.40093,1.037081518E-11,0.06735391127
1ES 1927+654,291.8313,65.56506,0830191101,S003,PrimeSmallWindow,2018-06-05,44300.0,216277.92285337523,3.16246,1.008537746E-11,0.0658955328
1ES 1927+654,291.8313,65.56506,0831790301,S003,PrimeSmallWindow,2018-12-12,50000.0,561909.4677802776,3.5,6.55397408E-11,0.4273885289
1H 0323+342,51.1715,34.17942,0764670101,S003,PrimeLargeWindow,2015-08-23,69000.0,272558.16099392273,1.72229,1.344429709E-11,1.173629581
1H 0323+342,51.1715,34.17942,0823780201,S004,PrimeLargeWindow,2018-08-14,50500.0,176063.16035425893,1.77832,1.151566773E-11,1.007622506
1H 0323+342,51.1715,34.17942,0823780301,S004,PrimeLargeWindow,2018-08-18,43000.0,130706.09997656888,1.84138,9.311145834E-12,0.8174811856
1H 0323+342,51.1715,34.17942,0823780401,S004,PrimeLargeWindow,2018-08-20,42500.0,222241.9659356672,1.81792,1.767878101E-11,1.545806894
1H 0323+342,51.1715,34.17942,0823780501,S004,PrimeLargeWindow,2018-08-24,46000.0,159034.9954719694,1.83823,1.097537672E-11,0.9619510438
1H 0323+342,51.1715,34.17942,0823780601,S004,PrimeLargeWindow,2018-09-05,44500.0,145018.87824149322,1.80842,1.038352053E-11,0.9085827377
1H 0323+342,51.1715,34.17942,0823780701,S004,PrimeLargeWindow,2018-09-09,46900.0,109812.66176432079,1.8001,7.507286108E-12,0.6576183797
1H 0419-577,66.5029,-57.20027,0148000201,S003,PrimeLargeWindow,2002-09-25,11500.0,24486.121939541597,1.00932,1.042353698E-11,2.643747558
1H 0419-577,66.5029,-57.20027,0148000401,S003,PrimeLargeWindow,2003-03-30,11900.0,32420.793472373363,1.61017,2.351846781E-11,6.444995626
1H 0419-577,66.5029,-57.20027,0148000501,S003,PrimeLargeWindow,2003-06-25,11400.0,26159.957753403436,1.52587,1.990921622E-11,5.400416588
1H 0419-577,66.5029,-57.20027,0148000601,S003,PrimeLargeWindow,2003-09-16,12100.0,24624.454281769715,1.51708,1.842868572E-11,4.950491277
1H 0419-577,66.5029,-57.20027,0604720301,S003,PrimeSmallWindow,2010-05-30,102200.0,809528.9338968394,1.69488,2.890049723E-11,7.987108977
1H 0419-577,66.5029,-57.20027,0604720401,S003,PrimeSmallWindow,2010-05-28,60400.0,429503.3989443334,1.68355,2.688246171E-11,7.395280384
1H 0419-577,66.5029,-57.20027,0820360101,S003,PrimeSmallWindow,2018-05-16,50100.0,311157.5606590178,1.66457,2.324215766E-11,6.395350704
1H 0419-577,66.5029,-57.20027,0820360201,S003,PrimeSmallWindow,2018-11-13,49000.0,349825.44961705763,1.66366,2.654975516E-11,7.304731426
1H 0707-495,107.172907,-49.551915,0110890201,S001,PrimeFullWindow,2000-10-21,40600.0,41753.82589081379,1.56321,2.225485131E-12,0.0856317345
1H 0707-495,107.172907,-49.551915,0148010301,S001,PrimeFullWindow,2002-10-13,68000.0,88473.02707219946,2.40333,7.030450474E-12,0.2715923393
1H 0707-495,107.172907,-49.551915,0506200201,S003,PrimeLargeWindow,2007-05-16,15600.0,9285.427193699295,1.4725,1.251039992E-12,0.04775730098
1H 0707-495,107.172907,-49.551915,0506200301,S003,PrimeLargeWindow,2007-05-14,38600.0,71511.57477672627,2.03097,3.731257287E-12,0.1431962527
1H 0707-495,107.172907,-49.551915,0506200401,S003,PrimeLargeWindow,2007-07-06,40600.0,75478.39133946612,2.27467,7.5933969E-12,0.2936837479
1H 0707-495,107.172907,-49.551915,0511580101,S001,PrimeLargeWindow,2008-01-29,90000.0,155094.02856753746,2.3804,6.563436542E-12,0.2533978504
1H 0707-495,107.172907,-49.551915,0511580201,S001,PrimeLargeWindow,2008-01-31,67000.0,130604.05882507839,2.58408,1.028224757E-11,0.3977961527
1H 0707-495,107.172907,-49.551915,0511580301,U002,PrimeLargeWindow,2008-02-02,72000.0,130324.75117265925,2.44722,8.270240484E-12,0.3198308631
1H 0707-495,107.172907,-49.551915,0511580401,U002,PrimeLargeWindow,2008-02-04,54000.0,69689.71951632388,2.23991,6.686826964E-12,0.2583072107
1H 0707-495,107.172907,-49.551915,0554710801,S003,PrimeLargeWindow,2011-01-12,29000.0,9917.326143521475,1.19891,8.97740323E-13,0.03398187041
1H 0707-495,107.172907,-49.551915,0653510301,S003,PrimeLargeWindow,2010-09-13,105000.0,175387.2600658898,2.348,6.59415444E-12,0.2546141872
1H 0707-495,107.172907,-49.551915,0653510401,S003,PrimeLargeWindow,2010-09-15,115000.0,232168.38783660225,2.57014,8.810314398E-12,0.3406067013
1H 0707-495,107.172907,-49.551915,0653510501,S003,PrimeLargeWindow,2010-09-17,99000.0,135972.8440675758,2.26851,6.714402295E-12,0.2591657778
1H 0707-495,107.172907,-49.551915,0653510601,S003,PrimeLargeWindow,2010-09-19,105000.0,194685.4019272355,2.47597,8.095496316E-12,0.313034895
1H 1934-063,294.387542,-6.218,0550451701,S003,PrimeSmallWindow,2009-04-28,17400.0,281186.2898160641,2.15354,5.494111625E-11,0.1269590227
1H 1934-063,294.387542,-6.218,0761870201,S003,PrimeSmallWindow,2015-10-01,120000.0,1581606.5357491043,2.08163,4.605654849E-11,0.1063939482
3C 120,68.296231,5.354339,0109131101,S001,PrimeSmallWindow,2002-09-06,12100.0,142317.26499017837,1.69743,6.009721425E-11,1.486329516
3C 120,68.296231,5.354339,0152840101,S003,PrimeSmallWindow,2003-08-26,118000.0,1668671.346705989,1.78163,6.981020855E-11,1.728419293
3C 120,68.296231,5.354339,0693781601,S003,PrimeSmallWindow,2013-02-06,45000.0,725524.9859413889,1.84661,7.576117354E-11,1.878467004
3C 120,68.296231,5.354339,0693781601_1,U002,PrimeSmallWindow,2013-02-07,59500.0,844332.7928430215,1.76773,7.21778127E-11,1.787184252
3C 120,68.296231,5.354339,0693782401,S003,PrimeSmallWindow,2013-02-08,28400.0,500125.90494882653,1.83021,8.207870948E-11,2.034487605
3C 390.3,280.537458,79.771424,0203720201,S003,PrimeSmallWindow,2004-10-08,51700.0,682007.2865622375,1.66004,6.15379188E-11,4.519679518
3C 390.3,280.537458,79.771424,0203720301,S003,PrimeSmallWindow,2004-10-17,32100.0,368801.8298498551,1.65961,5.503258014E-11,4.041175803
Ark 120,79.047588,-0.149827,0147190101,S003,PrimeSmallWindow,2003-08-24,90000.0,1709010.5543896377,1.92409,7.312489127E-11,1.78752093
Ark 120,79.047588,-0.149827,0693781501,S003,PrimeSmallWindow,2013-02-18,129500.0,1125703.2619669277,1.72939,3.815354021E-11,0.929402812
Ark 120,79.047588,-0.149827,0721600201,S003,PrimeSmallWindow,2014-03-18,86000.0,1649638.1758589188,1.9242,7.329335475E-11,1.792086465
Ark 120,79.047588,-0.149827,0721600301,S003,PrimeSmallWindow,2014-03-20,104500.0,1712657.8333334776,1.87776,6.5171235E-11,1.591726658
Ark 120,79.047588,-0.149827,0721600401,S003,PrimeSmallWindow,2014-03-22,118000.0,2140403.725907078,1.88369,7.265459386E-11,1.77428979
Ark 120,79.047588,-0.149827,0721600501,S003,PrimeSmallWindow,2014-03-24,113700.0,1855222.3472498527,1.85886,6.608449016E-11,1.613349977
Ark 564,340.663939,29.725364,0006810101,U002,PrimeSmallWindow,2000-06-17,10500.0,353007.04175497376,2.48806,9.161990571E-11,1.277258165
Ark 564,340.663939,29.725364,0006810301,U002,PrimeSmallWindow,2001-06-09,11500.0,232217.78876006912,2.40113,5.591040404E-11,0.7790497524
Ark 564,340.663939,29.725364,0206400101,U002,PrimeSmallWindow,2005-01-05,88900.0,2150355.6558758193,2.47436,6.985775656E-11,0.9723698862
Ark 564,340.663939,29.725364,0670130201,S003,PrimeSmallWindow,2011-05-24,59000.0,2247588.619089788,2.56271,1.037887936E-10,1.444533083
Ark 564,340.663939,29.725364,0670130301,S003,PrimeSmallWindow,2011-05-30,53000.0,1351888.7946759062,2.51907,6.771356623E-11,0.9424912866
Ark 564,340.663939,29.725364,0670130401,S003,PrimeSmallWindow,2011-06-05,50000.0,1242635.0909607843,2.45097,6.719856788E-11,0.9348108621
Ark 564,340.663939,29.725364,0670130501,S003,PrimeSmallWindow,2011-06-11,65000.0,2057574.9703323988,2.50818,8.427634411E-11,1.172553854
Ark 564,340.663939,29.725364,0670130601,S003,PrimeSmallWindow,2011-06-17,60400.0,1576126.000526673,2.46394,7.284977277E-11,1.013693132
Ark 564,340.663939,29.725364,0670130701,S003,PrimeSmallWindow,2011-06-25,40000.0,636316.9951706621,2.40157,4.417605598E-11,0.6145429756
Ark 564,340.663939,29.725364,0670130801,S003,PrimeSmallWindow,2011-06-29,57700.0,1560440.1081899253,2.46327,7.287830504E-11,1.013931275
Ark 564,340.663939,29.725364,0670130901,S003,PrimeSmallWindow,2011-07-01,55000.0,1136585.6318527642,2.51895,9.53467533E-11,1.327169833
Ark 564,340.663939,29.725364,0830540101,S004,PrimeSmallWindow,2018-12-01,100000.0,1972113.7316135063,2.42645,5.382903135E-11,0.7489766362
Ark 564,340.663939,29.725364,0830540201,S004,PrimeSmallWindow,2018-12-03,106000.0,2379657.8116762675,2.45104,6.09717556E-11,0.8485112049
CTS A08.12,323.009023,-33.715025,0201130301,S003,PrimeSmallWindow,2004-10-30,42500.0,99376.54180482832,1.44936,1.174094117E-11,0.2384602228
ESO 113-G010,16.319708,-58.437278,0301890101,S003,PrimeFullWindow,2005-11-10,83000.0,115733.03219774448,1.86972,8.314758161E-12,0.1253079697
ESO 198-G24,39.581889,-52.192377,0067190101,S003,PrimeFullWindow,2001-01-24,28000.0,74104.732723596,1.70509,2.50020772E-11,1.200676537
ESO 198-G24,39.581889,-52.192377,0305370101,S003,PrimeSmallWindow,2006-02-04,115000.0,456991.1984536333,1.6589,1.791398841E-11,0.8588149276
ESO 362-G18,79.89916,-32.657585,0610180101,S001,PrimeSmallWindow,2010-01-29,59500.0,139118.1924333479,1.20278,1.415875697E-11,0.0485233503
ESO 362-G18,79.89916,-32.657585,0790810101,S003,PrimeSmallWindow,2016-09-24,119200.0,293360.71034053754,1.35338,1.238552981E-11,0.04255626526
ESO 511-G030,214.843417,-26.644722,0502090201,U002,PrimeSmallWindow,2007-08-05,100000.0,1035069.6178247794,1.7827,3.918157532E-11,0.4435435205
FBQS J1644+2619,251.1771,26.32028,0783230101,S003,PrimeLargeWindow,2017-03-03,44500.0,39047.01129762682,1.66854,3.133117267E-12,1.672965427
Fairall 9,20.940736,-58.805784,0101040201,S003,PrimeFullWindow,2000-07-05,28900.0,70177.88965052612,1.68794,2.219897643E-11,1.142390739
Fairall 9,20.940736,-58.805784,0605800401,S003,PrimeSmallWindow,2009-12-09,105000.0,678651.2154728124,1.71416,2.696681167E-11,1.388675914
Fairall 9,20.940736,-58.805784,0721110101,U002,PrimeSmallWindow,2013-12-19,32000.0,228356.12342210938,1.72047,2.900398865E-11,1.497032529
Fairall 9,20.940736,-58.805784,0721110101_1,S003,PrimeSmallWindow,2013-12-19,17700.0,135918.38275229448,1.75383,3.057593554E-11,1.579553532
Fairall 9,20.940736,-58.805784,0721110201,S002,PrimeSmallWindow,2014-01-02,49600.0,768295.8609584109,1.91235,5.396538102E-11,2.8082997
Fairall 9,20.940736,-58.805784,0741330101,U002,PrimeSmallWindow,2014-05-09,110000.0,1411048.396891475,1.87426,4.848905121E-11,2.515433159
HE 1029-1401,157.97625,-14.280833,0203770101,S003,PrimeSmallWindow,2004-12-19,40000.0,392850.61673960864,1.83429,3.627507588E-11,6.537561993
HE 1353-1917,209.1528,-19.52916,0803510201,S003,PrimeLargeWindow,2017-08-08,58600.0,140348.2727388587,1.78226,9.153443227E-12,0.2558266847
IC 4329A,207.330276,-30.309436,0101040401,S003,PrimeFullWindow,2001-01-31,10100.0,269936.7065535023,1.53392,1.511094579E-10,0.8648974119
IC 4329A,207.330276,-30.309436,0147440101,S003,PrimeSmallWindow,2003-08-06,83900.0,1565685.909265918,1.63279,1.247030701E-10,0.7147995853
IC 4329A,207.330276,-30.309436,0800760801,S003,PrimeFullWindow,2018-01-08,12800.0,163140.69718589875,1.4282,8.700781542E-11,0.4976557347
IRAS 05078+1626,77.689622,16.498847,0502090501,S003,PrimeSmallWindow,2007-08-21,49600.0,237813.59769780314,1.56934,3.194986896E-11,0.2275240877
IRAS 13224-3809,201.330743,-38.414632,0110890101,S001,PrimeFullWindow,2002-01-19,60800.0,43104.6561054,1.91475,3.304333183E-12,0.3497644632
IRAS 13224-3809,201.330743,-38.414632,0673580101,S003,PrimeFullWindow,2011-07-19,47000.0,50323.48260982828,2.31994,4.246347519E-12,0.4510506762
IRAS 13224-3809,201.330743,-38.414632,0673580201,S003,PrimeLargeWindow,2011-07-21,80000.0,149733.03416081695,2.20182,3.380311692E-12,0.3588303428
IRAS 13224-3809,201.330743,-38.414632,0673580301,S003,PrimeLargeWindow,2011-07-25,67000.0,73271.69321242647,1.88903,1.923177242E-12,0.2036792139
IRAS 13224-3809,201.330743,-38.414632,0673580401,S003,PrimeLargeWindow,2011-07-29,77000.0,80910.75173199501,2.21231,4.050520458E-12,0.4298774365
IRAS 13224-3809,201.330743,-38.414632,0780560101,S002,PrimeLargeWindow,2016-07-08,17600.0,25062.8972631357,1.60519,2.572541256E-12,0.2721347501
IRAS 13224-3809,201.330743,-38.414632,0780560101_1,U002,PrimeLargeWindow,2016-07-09,30000.0,72384.86486334092,2.03147,4.263232468E-12,0.4516423027
IRAS 13224-3809,201.330743,-38.414632,0780561301,S002,PrimeLargeWindow,2016-07-10,125000.0,149107.06160389102,2.17529,4.04363487E-12,0.429104022
IRAS 13224-3809,201.330743,-38.414632,0780561401,S002,PrimeLargeWindow,2016-07-12,81200.0,114904.68573231155,2.12628,4.718556418E-12,0.5000794656
IRAS 13224-3809,201.330743,-38.414632,0780561401_1,U002,PrimeLargeWindow,2016-07-13,34000.0,24581.513578155103,1.46723,1.338772377E-12,0.1416996926
IRAS 13224-3809,201.330743,-38.414632,0780561501,S002,PrimeLargeWindow,2016-07-20,90000.0,63626.522195660444,1.85956,2.47085898E-12,0.2616967847
IRAS 13224-3809,201.330743,-38.414632,0780561601,S002,PrimeLargeWindow,2016-07-22,100000.0,123963.00367423896,2.25033,6.119973711E-12,0.6497054702
IRAS 13224-3809,201.330743,-38.414632,0780561701,S002,PrimeLargeWindow,2016-07-24,100000.0,78776.40394897718,2.02791,2.6958639E-12,0.2857826987
IRAS 13224-3809,201.330743,-38.414632,0792180101,S002,PrimeLargeWindow,2016-07-26,60000.0,39017.13216651551,1.79787,3.074060431E-12,0.3251036716
IRAS 13224-3809,201.330743,-38.414632,0792180201,S002,PrimeLargeWindow,2016-07-30,117100.0,116563.40249218636,1.98929,3.318415398E-12,0.352044718
IRAS 13224-3809,201.330743,-38.414632,0792180301,S002,PrimeLargeWindow,2016-08-01,50000.0,35560.422196712054,1.58222,2.426914771E-12,0.2563023749
IRAS 13224-3809,201.330743,-38.414632,0792180401,S002,PrimeLargeWindow,2016-08-03,105000.0,178160.1088821538,2.34791,8.444767767E-12,0.8982497143
IRAS 13224-3809,201.330743,-38.414632,0792180501,S002,PrimeLargeWindow,2016-08-07,118000.0,115188.17681956479,2.09755,3.375490317E-12,0.3574045521
IRAS 13224-3809,201.330743,-38.414632,0792180601,S002,PrimeLargeWindow,2016-08-09,122600.0,198437.60065330428,2.45161,8.103652815E-12,0.8629468095
IRAS 13349+2438,204.328028,24.384272,0096010101,S003,PrimeSmallWindow,2000-06-20,40000.0,107237.40536866088,2.03331,8.180586645E-12,2.517654907
IRAS 13349+2438,204.328028,24.384272,0402080201,S003,PrimeSmallWindow,2006-07-15,21800.0,54657.50286837495,1.85842,8.801787482E-12,2.601009906
IRAS 13349+2438,204.328028,24.384272,0402080301,S003,PrimeSmallWindow,2006-07-16,40500.0,83769.77572341089,1.72885,7.993450879E-12,2.331101029
IRAS 13349+2438,204.328028,24.384272,0402080801,S003,PrimeSmallWindow,2006-12-19,10300.0,25278.35747545218,1.87161,7.514166246E-12,2.344661173
IRAS 17020+4544,255.876596,45.679769,0206860101,S003,PrimeSmallWindow,2004-08-30,18500.0,78087.4179020912,2.2524,1.474639201E-11,1.285305222
IRAS 17020+4544,255.876596,45.679769,0206860201,S003,PrimeSmallWindow,2004-09-05,17500.0,96125.8656498137,2.19962,1.92498915E-11,1.689548104
IRAS 17020+4544,255.876596,45.679769,0721220101,S003,PrimeSmallWindow,2014-01-23,80400.0,353261.5408569623,2.19651,1.544826391E-11,1.350466119
IRAS 17020+4544,255.876596,45.679769,0721220301,S003,PrimeSmallWindow,2014-01-25,70000.0,366692.1631324408,2.227,1.732508503E-11,1.514424309
IRAS 18325-5926,279.242875,-59.402389,0724820101,S003,PrimeSmallWindow,2013-09-04,96000.0,419482.90506553696,1.77653,3.557851718E-11,0.3187229273
IRAS 18325-5926,279.242875,-59.402389,0724820201,U002,PrimeSmallWindow,2013-10-15,97000.0,321247.44587429933,1.7785,2.600672211E-11,0.232945212
IRAS 18325-5926,279.242875,-59.402389,0795690101,S003,PrimeSmallWindow,2017-09-09,51400.0,175547.05797493426,1.75319,2.819475211E-11,0.2524704775
IRAS F12397+3333,190.544148,33.284055,0202180201,S001,PrimeFullWindow,2005-06-20,75000.0,128504.68990695714,2.10444,1.273728653E-11,0.5624492851
IRAS F12397+3333,190.544148,33.284055,0202180301,S001,PrimeFullWindow,2005-06-23,10200.0,19609.91862782211,1.8427,1.00404977E-11,0.4433954384
I Zw 1,13.395585,12.69339,0110890301,S001,PrimeLargeWindow,2002-06-22,19500.0,135353.58052569928,2.2597,1.873113672E-11,1.542706676
I Zw 1,13.395585,12.69339,0300470101,U002,PrimeSmallWindow,2005-07-18,75000.0,254272.43923429123,2.17007,1.148763809E-11,0.9489598828
I Zw 1,13.395585,12.69339,0743050301,S600,PrimeSmallWindow,2015-01-19,21500.0,115876.89857754839,2.26806,1.682001507E-11,1.401559546
I Zw 1,13.395585,12.69339,0743050301_1,S601,PrimeSmallWindow,2015-01-19,21800.0,106750.79702689168,2.11709,1.560619534E-11,1.297571917
I Zw 1,13.395585,12.69339,0743050301_2,S602,PrimeSmallWindow,2015-01-20,20400.0,79662.05269328845,2.15344,1.233463146E-11,1.023903732
I Zw 1,13.395585,12.69339,0743050301_3,S603,PrimeSmallWindow,2015-01-20,20400.0,93871.68105582433,2.24103,1.401948845E-11,1.168506625
I Zw 1,13.395585,12.69339,0743050301_4,S604,PrimeSmallWindow,2015-01-20,34000.0,152824.81299230846,2.22175,1.387108564E-11,1.15462235
I Zw 1,13.395585,12.69339,0743050801,S600,PrimeSmallWindow,2015-01-21,25500.0,127271.86283132699,2.17932,1.668304755E-11,1.384468767
I Zw 1,13.395585,12.69339,0743050801_2,S602,PrimeSmallWindow,2015-01-22,12800.0,64347.28541430278,2.22357,1.516445263E-11,1.264228851
I Zw 1,13.395585,12.69339,0743050801_4,S604,PrimeSmallWindow,2015-01-22,20500.0,119488.13685467458,2.23524,1.745929822E-11,1.455209707
MCG-02-14-009,79.088244,-10.561505,0550640101,S003,PrimeLargeWindow,2009-02-27,50000.0,106936.5033174811,1.8231,7.151363232E-12,0.1312046607
MCG-5-23-16,146.917319,-30.948734,0112830301,S002,PrimeFullWindow,2001-05-13,16000.0,165861.37718381468,1.19974,9.165965867E-11,0.1455067479
MCG-5-23-16,146.917319,-30.948734,0112830401,S002,PrimeFullWindow,2001-12-01,20200.0,187717.20409555806,1.19908,7.926850399E-11,0.1258298409
MCG-5-23-16,146.917319,-30.948734,0302850201,S003,PrimeLargeWindow,2005-12-08,110000.0,1208362.769412453,1.26265,9.09899434E-11,0.1445243063
MCG-5-23-16,146.917319,-30.948734,0727960101,S003,PrimeSmallWindow,2013-06-24,100000.0,1330817.386618991,1.42794,1.34001175E-10,0.2130228869
MCG-5-23-16,146.917319,-30.948734,0727960201,S003,PrimeSmallWindow,2013-06-26,122000.0,1607947.2487990486,1.42419,1.323153127E-10,0.210331624
MCG-6-30-15,203.973778,-34.295538,0029740101,S003,PrimeSmallWindow,2001-07-31,80000.0,1368258.6218169385,1.79578,7.555805061E-11,0.1002975035
MCG-6-30-15,203.973778,-34.295538,0029740701,S003,PrimeSmallWindow,2001-08-02,120000.0,2233161.3630360262,1.85232,8.282916204E-11,0.1099595357
MCG-6-30-15,203.973778,-34.295538,0029740801,S003,PrimeSmallWindow,2001-08-04,120000.0,2090528.960151281,1.84608,7.543360121E-11,0.1001427655
MCG-6-30-15,203.973778,-34.295538,0111570101,S003,PrimeSmallWindow,2000-07-11,33000.0,317845.4386818765,1.6968,4.528724674E-11,0.06007416491
MCG-6-30-15,203.973778,-34.295538,0111570201,S003,PrimeSmallWindow,2000-07-11,50000.0,650124.2324186114,1.72954,6.161683762E-11,0.08173268513
MCG-6-30-15,203.973778,-34.295538,0693781201,S003,PrimeSmallWindow,2013-01-29,120000.0,2762852.6966193835,1.87696,9.782055638E-11,0.1298788267
MCG-6-30-15,203.973778,-34.295538,0693781301,S003,PrimeSmallWindow,2013-01-31,125000.0,1663590.0971777728,1.79454,5.956295698E-11,0.07906329818
MCG-6-30-15,203.973778,-34.295538,0693781401,S003,PrimeSmallWindow,2013-02-02,48400.0,478531.83662526624,1.65792,4.731775554E-11,0.06277272343
MR 2251-178,343.524167,-17.581944,0012940101,S003,PrimeSmallWindow,2002-05-18,63900.0,309362.83392218535,1.41726,2.902504858E-11,2.7504093
MR 2251-178,343.524167,-17.581944,0670120201,S003,PrimeSmallWindow,2011-11-11,115000.0,1602864.7673535685,1.6082,6.715348853E-11,6.439876477
MR 2251-178,343.524167,-17.581944,0670120301,S003,PrimeSmallWindow,2011-11-13,115000.0,1528950.1552437062,1.5823,6.652802352E-11,6.369536454
MR 2251-178,343.524167,-17.581944,0670120401,S003,PrimeSmallWindow,2011-11-15,121500.0,1522429.007765835,1.57844,6.188817231E-11,5.926176325
MR 2251-178,343.524167,-17.581944,0763920501,S006,PrimeSmallWindow,2015-05-18,14400.0,176603.92992596622,1.54165,6.462523202E-11,6.179733037
MR 2251-178,343.524167,-17.581944,0763920601,S006,PrimeSmallWindow,2015-06-17,20000.0,338421.4482260303,1.61906,8.127489434E-11,7.804536695
MR 2251-178,343.524167,-17.581944,0763920701,S006,PrimeSmallWindow,2015-11-11,28400.0,456158.6832679282,1.63107,7.484820825E-11,7.198349925
MR 2251-178,343.524167,-17.581944,0763920801,S006,PrimeSmallWindow,2015-12-11,32600.0,474697.5762768097,1.60841,7.334728014E-11,7.039658115
MS 22549-3712,344.412703,-36.935003,0205390101,S003,PrimeSmallWindow,2005-05-01,31800.0,45805.68749791442,1.77446,5.173061849E-12,0.1837334976
MS 22549-3712,344.412703,-36.935003,0748391001,S003,PrimeFullWindow,2015-04-29,69000.0,79871.43340304328,1.84161,6.575213272E-12,0.233487945
Mrk 1040,37.060317,31.311658,0554990101,S001,PrimeLargeWindow,2009-02-13,80000.0,646973.8848957755,1.68488,3.736989257E-11,0.2308229636
Mrk 1040,37.060317,31.311658,0760530201,S001,PrimeLargeWindow,2015-08-13,68000.0,456620.4178123128,1.58966,3.300029573E-11,0.2036137868
Mrk 1040,37.060317,31.311658,0760530301,S001,PrimeLargeWindow,2015-08-15,81200.0,575363.7326943188,1.68131,3.107464899E-11,0.1919396016
Mrk 1044,37.52302,-8.998136,0695290101,S003,PrimeSmallWindow,2013-01-27,112000.0,1212344.2321511235,2.1065,3.253932217E-11,0.1983325024
Mrk 1044,37.52302,-8.998136,0824080301,U002,PrimeSmallWindow,2018-08-03,116300.0,2811388.7327770465,2.2975,6.984959221E-11,0.4265410707
Mrk 1044,37.52302,-8.998136,0824080401,S003,PrimeSmallWindow,2018-08-05,117000.0,2164055.87184336,2.22938,5.499520936E-11,0.3356351613
Mrk 1044,37.52302,-8.998136,0824080501,U002,PrimeSmallWindow,2018-08-07,104300.0,2045053.085770725,2.20754,5.759831628E-11,0.3515176347
Mrk 1044,37.52302,-8.998136,0841820201,S003,PrimeSmallWindow,2019-08-03,128000.0,1890256.5858536016,2.18813,4.431934509E-11,0.2704630424
Mrk 110,141.30362,52.28625,0201130501,S003,PrimeSmallWindow,2004-11-15,46900.0,767175.2488670594,1.74488,5.997748648E-11,0.3642384852
Mrk 205,185.434254,75.310787,0124110101,S001,PrimeFullWindow,2000-05-07,17000.0,50821.7069856952,1.7011,1.000483471E-11,1.202002948
Mrk 205,185.434254,75.310787,0124110101_1,S002,PrimeLargeWindow,2000-05-07,17100.0,53860.60957193082,1.6799,9.874518211E-12,1.18798869
Mrk 205,185.434254,75.310787,0124110101_2,S003,PrimeFullWindowExtended,2000-05-07,11500.0,14208.841105692938,1.66939,9.382054953E-12,1.126475327
Mrk 205,185.434254,75.310787,0401240201,S003,PrimeLargeWindow,2006-10-18,30600.0,128142.07934137154,1.92629,2.217135572E-11,2.719661612
Mrk 205,185.434254,75.310787,0401240301,S003,PrimeLargeWindow,2006-10-20,41800.0,138423.58966481301,1.96296,2.232325877E-11,2.740322552
Mrk 205,185.434254,75.310787,0401240501,S003,PrimeLargeWindow,2006-10-22,53000.0,243184.21295228912,1.92008,2.870743512E-11,3.509545037
Mrk 279,208.264362,69.308213,0083960101,S003,PrimeFullWindow,2002-05-07,19800.0,84440.71598853904,1.80492,3.48187268E-11,0.7396529678
Mrk 279,208.264362,69.308213,0302480401,S003,PrimeSmallWindow,2005-11-15,41000.0,586179.7673292347,1.82421,5.687960276E-11,1.209134288
Mrk 279,208.264362,69.308213,0302480501,S003,PrimeSmallWindow,2005-11-17,41500.0,512899.140370363,1.77808,5.024521625E-11,1.066563821
Mrk 279,208.264362,69.308213,0302480601,S003,PrimeSmallWindow,2005-11-19,27500.0,365593.2751692609,1.78597,5.174668561E-11,1.099595695
Mrk 335,1.581339,20.202914,0101040101,S003,PrimeFullWindow,2000-12-25,31000.0,188575.31409163898,2.05858,4.55465313E-11,0.692477566
Mrk 335,1.581339,20.202914,0306870101,S003,PrimeSmallWindow,2006-01-03,110000.0,1823918.3000911763,2.05771,5.149588214E-11,0.7819276126
Mrk 335,1.581339,20.202914,0510010701,U002,PrimeLargeWindow,2007-07-10,16700.0,25328.45338497475,1.0,5.246256291E-12,0.0781776847
Mrk 335,1.581339,20.202914,0600540501,S003,PrimeFullWindow,2009-06-13,80700.0,129687.83229981149,1.60683,1.078440741E-11,0.162254643
Mrk 335,1.581339,20.202914,0600540601,S003,PrimeFullWindow,2009-06-11,110000.0,153206.92668222002,1.52266,8.075187421E-12,0.1209672765
Mrk 335,1.581339,20.202914,0741280201,S001,PrimeFullWindow,2015-12-30,37400.0,39169.8475882897,1.0,4.409364595E-12,0.06561729685
Mrk 335,1.581339,20.202914,0780500301,S003,PrimeFullWindow,2018-07-11,88000.0,57930.252129254535,1.0,1.926056254E-12,0.02885518576
Mrk 335,1.581339,20.202914,0831790601,S003,PrimeFullWindow,2019-01-08,71000.0,37524.63646114213,1.0,1.708375865E-12,0.0255182721
Mrk 478,220.53105,35.43969,0005010101,U002,PrimeSmallWindow,2003-01-01,17500.0,72391.00446021202,2.14941,1.239193409E-11,1.987881908
Mrk 478,220.53105,35.43969,0005010201,S003,PrimeSmallWindow,2003-01-04,12500.0,46214.559618102125,2.23861,1.138012383E-11,1.836095579
Mrk 478,220.53105,35.43969,0005010301,S003,PrimeSmallWindow,2003-01-07,26000.0,57811.50390834018,2.1122,6.839297703E-12,1.093167524
Mrk 478,220.53105,35.43969,0107660201,S003,PrimeLargeWindow,2001-12-23,16500.0,39367.57109511247,2.2989,1.321219995E-11,2.128731434
Mrk 478,220.53105,35.43969,0801510101,S001,PrimeSmallWindow,2017-06-30,126000.0,290012.1306467144,2.13285,7.257855747E-12,1.158559287
Mrk 493,239.78985,35.02972,0112600801,U002,PrimeLargeWindow,2003-01-16,14600.0,29733.708056578842,2.17981,1.235506663E-11,0.281484687
Mrk 493,239.78985,35.02972,0744290101,S003,PrimeSmallWindow,2015-03-02,53800.0,70703.55284448317,1.88023,4.406137593E-12,0.09982554363
Mrk 509,311.040577,-10.723484,0130720101,U002,PrimeSmallWindow,2000-10-25,17000.0,197666.52445716178,1.61777,5.179587482E-11,1.399100161
Mrk 509,311.040577,-10.723484,0130720201,S001,PrimeSmallWindow,2001-04-20,32000.0,563081.9575049031,1.7126,7.371237596E-11,1.997868458
Mrk 509,311.040577,-10.723484,0306090201,S003,PrimeSmallWindow,2005-10-18,85400.0,1688814.3584217948,1.82299,7.524828193E-11,2.046985977
Mrk 509,311.040577,-10.723484,0306090301,S003,PrimeSmallWindow,2005-10-20,32500.0,687863.7323732645,1.8343,7.91525437E-11,2.154086655
Mrk 509,311.040577,-10.723484,0306090401,S003,PrimeSmallWindow,2006-04-25,69400.0,1468581.2937601737,1.76215,8.029550017E-11,2.178958771
Mrk 509,311.040577,-10.723484,0601390201,U002,PrimeSmallWindow,2009-10-15,57100.0,1297503.5520601005,1.79323,8.695666036E-11,2.363961646
Mrk 509,311.040577,-10.723484,0601390301,S003,PrimeSmallWindow,2009-10-19,63300.0,1556814.7712546356,1.81958,9.063695883E-11,2.464642727
Mrk 509,311.040577,-10.723484,0601390401,S003,PrimeSmallWindow,2009-10-23,60400.0,1738211.4497288037,1.85956,1.016749511E-10,2.768811566
Mrk 509,311.040577,-10.723484,0601390501,S003,PrimeSmallWindow,2009-10-29,60400.0,1463383.2409733557,1.82244,8.394086312E-11,2.288683312
Mrk 509,311.040577,-10.723484,0601390601,S003,PrimeSmallWindow,2009-11-02,56300.0,905660.1031126606,1.80841,1.058179159E-10,2.886418156
Mrk 509,311.040577,-10.723484,0601390701,S003,PrimeSmallWindow,2009-11-06,62600.0,1867644.2920826492,1.83841,1.074834465E-10,2.925302161
Mrk 509,311.040577,-10.723484,0601390801,S003,PrimeSmallWindow,2009-11-10,60400.0,1740431.6871890044,1.85089,1.006927125E-10,2.741164981
Mrk 509,311.040577,-10.723484,0601390901,S003,PrimeSmallWindow,2009-11-14,60400.0,1722429.1994621865,1.84949,1.062063606E-10,2.888468562
Mrk 509,311.040577,-10.723484,0601391001,S003,PrimeSmallWindow,2009-11-18,65000.0,1701972.2975318318,1.82258,9.255269398E-11,2.519486018
Mrk 509,311.040577,-10.723484,0601391101,S003,PrimeSmallWindow,2009-11-20,62300.0,1698195.3195382538,1.79786,1.021070676E-10,2.775482677
Mrk 586,31.957767,2.715447,0048740101,S002,PrimeFullWindow,2002-07-23,45400.0,68158.95458402974,2.05887,6.437758353E-12,4.406026428
Mrk 590,33.639844,-0.766693,0201020201,U015,PrimeSmallWindow,2004-07-04,61400.0,155430.6133411548,1.59197,1.165079619E-11,0.1831959382
Mrk 590,33.639844,-0.766693,0201020201_1,S003,PrimeSmallWindow,2004-07-04,30000.0,74105.97545320359,1.59279,1.117636011E-11,0.1757417964
Mrk 704,139.608356,16.305339,0300240101,S003,PrimeSmallWindow,2005-10-21,20000.0,30756.0739351089,1.04127,1.187984862E-11,0.2259606847
Mrk 704,139.608356,16.305339,0502091601,S003,PrimeSmallWindow,2008-11-02,97700.0,539807.0082346092,1.74408,2.175957449E-11,0.4232626847
Mrk 766,184.610456,29.812872,0096020101,S012,PrimeSmallWindow,2000-05-20,32300.0,295230.5625835891,1.91444,3.490313905E-11,0.130309663
Mrk 766,184.610456,29.812872,0109141301,S001,PrimeSmallWindow,2001-05-20,70000.0,1204096.641636049,2.05678,6.169754158E-11,0.2304194306
Mrk 766,184.610456,29.812872,0304030101,S003,PrimeSmallWindow,2005-05-23,75000.0,215301.11448570047,1.29947,1.357287155E-11,0.05054357633
Mrk 766,184.610456,29.812872,0304030301,S003,PrimeSmallWindow,2005-05-25,85000.0,498097.0528926766,1.84474,2.348012635E-11,0.08754132403
Mrk 766,184.610456,29.812872,0304030401,S003,PrimeSmallWindow,2005-05-27,90000.0,743152.5120145475,1.92165,3.145230224E-11,0.1173617177
Mrk 766,184.610456,29.812872,0304030501,S003,PrimeSmallWindow,2005-05-29,70000.0,710681.2696418551,1.96667,3.849877166E-11,0.1436288102
Mrk 766,184.610456,29.812872,0304030601,S003,PrimeSmallWindow,2005-05-31,85000.0,706947.2066207954,1.94766,3.19480318E-11,0.1191723819
Mrk 766,184.610456,29.812872,0304030701,S003,PrimeSmallWindow,2005-06-03,32000.0,226725.24809871952,1.87935,2.855284651E-11,0.1064764218
Mrk 766,184.610456,29.812872,0763790401,S011,PrimeFullWindow,2015-07-05,21300.0,102478.32252984346,1.95984,3.703715857E-11,0.1381704755
Mrk 841,226.005003,10.43782,0070740101,S003,PrimeSmallWindow,2001-01-13,10800.0,130320.30642241368,1.89547,3.90573065E-11,1.204543759
Mrk 841,226.005003,10.43782,0070740301,S003,PrimeSmallWindow,2001-01-14,13000.0,150374.9941261678,1.88742,3.94382228E-11,1.214469796
Mrk 841,226.005003,10.43782,0205340201,S005,PrimeSmallWindow,2005-01-16,42000.0,159046.07757553193,1.34039,1.758729696E-11,0.5334286971
Mrk 841,226.005003,10.43782,0205340401,S005,PrimeSmallWindow,2005-07-17,16000.0,78754.36687679435,1.60571,2.084409431E-11,0.6336834941
Mrk 841,226.005003,10.43782,0763790501,U002,PrimeFullWindow,2015-07-14,19600.0,81312.63024520605,1.78679,3.397841907E-11,1.037973627
NGC 1365,53.401548,-36.140402,0151370101,S003,PrimeFullWindow,2003-01-17,14200.0,8969.80911269471,1.0,2.576763978E-12,0.001688286143
NGC 1365,53.401548,-36.140402,0205590301,S003,PrimeFullWindow,2004-01-17,54500.0,78763.76579186287,1.0,1.334619082E-11,0.008724229373
NGC 1365,53.401548,-36.140402,0205590401,S003,PrimeFullWindow,2004-07-24,44400.0,37659.510317272034,1.0,3.562599105E-12,0.002332958666
NGC 1365,53.401548,-36.140402,0505140201,S003,PrimeFullWindow,2007-06-30,53000.0,25920.327351087246,1.0,1.4857685E-12,9.749015331E-4
NGC 1365,53.401548,-36.140402,0505140401,U002,PrimeFullWindow,2007-07-02,73000.0,36185.49189535858,1.0,1.588052485E-12,0.001041723125
NGC 1365,53.401548,-36.140402,0505140501,U002,PrimeFullWindow,2007-07-04,25000.0,20072.430682354,1.0,1.577411062E-12,0.001034857961
NGC 1365,53.401548,-36.140402,0692840201,S003,PrimeFullWindow,2012-07-25,127500.0,116280.23350187208,1.0,3.52869183E-12,0.002310705173
NGC 1365,53.401548,-36.140402,0692840301,S003,PrimeFullWindow,2012-12-24,120000.0,299969.3611334188,1.0,2.206684738E-11,0.014438192
NGC 1365,53.401548,-36.140402,0692840401,S003,PrimeFullWindow,2013-01-23,98000.0,356952.19612181676,1.27197,2.65728082E-11,0.01741222985
NGC 1365,53.401548,-36.140402,0692840401_1,U002,PrimeFullWindow,2013-01-24,18000.0,7599.96312465193,1.53367,2.603472857E-11,0.01708085414
NGC 1365,53.401548,-36.140402,0692840501,S003,PrimeFullWindow,2013-02-12,132800.0,192794.08375274096,1.0,1.367194901E-11,0.008937719124
NGC 1566,65.00166,-54.93777,0763500201,S003,PrimeFullWindow,2015-11-05,49900.0,66343.37197550324,1.64884,4.456730246E-12,0.002475846036
NGC 1566,65.00166,-54.93777,0800840201,S003,PrimeSmallWindow,2018-06-27,92300.0,2556275.5797732025,1.7738,1.366244273E-10,0.07600080269
NGC 1566,65.00166,-54.93777,0820530401,S003,PrimeSmallWindow,2018-10-04,106100.0,537282.489492672,1.58434,2.824448029E-11,0.01568964759
NGC 2992,146.425211,-14.326382,0147920301,S001,PrimeFullWindow,2003-05-19,24800.0,377529.73184684577,1.41888,1.012556209E-10,0.1326551383
NGC 2992,146.425211,-14.326382,0654910301,S003,PrimeSmallWindow,2010-05-06,58900.0,47925.527576011,1.23416,7.540071115E-12,0.009867397544
NGC 2992,146.425211,-14.326382,0654910401,U002,PrimeSmallWindow,2010-05-16,51500.0,49089.11224046563,1.2419,8.892402329E-12,0.01163812524
NGC 2992,146.425211,-14.326382,0654910501,S003,PrimeSmallWindow,2010-05-26,55400.0,91649.91271030357,1.29749,1.579662183E-11,0.02067942049
NGC 2992,146.425211,-14.326382,0654910601,S003,PrimeSmallWindow,2010-06-05,54000.0,36868.43368470345,1.21415,6.159029611E-12,0.008058006494
NGC 2992,146.425211,-14.326382,0654910701,S003,PrimeSmallWindow,2010-11-08,55000.0,39062.85902779623,1.20358,6.362271819E-12,0.008324550079
NGC 2992,146.425211,-14.326382,0654910801,U002,PrimeSmallWindow,2010-11-18,48000.0,28494.23058492224,1.16023,5.292621686E-12,0.006922039822
NGC 2992,146.425211,-14.326382,0654910901,S003,PrimeSmallWindow,2010-11-28,29000.0,11432.521064598915,1.11913,3.222637835E-12,0.004214986811
NGC 2992,146.425211,-14.326382,0654911001,S003,PrimeSmallWindow,2010-12-08,60000.0,45174.83558720522,1.20671,6.919609991E-12,0.009054334716
NGC 2992,146.425211,-14.326382,0701780101,S003,PrimeSmallWindow,2013-05-11,12400.0,25346.248100321416,1.31394,1.932938618E-11,0.02530673237
NGC 3227,155.877412,19.86505,0101040301,S003,PrimeFullWindow,2000-11-28,28400.0,25641.9025934977,1.0,8.872904757E-12,0.002898241902
NGC 3227,155.877412,19.86505,0400270101,S003,PrimeLargeWindow,2006-12-03,95000.0,1061410.7866529096,1.51599,4.98040321E-11,0.01631050049
NGC 3227,155.877412,19.86505,0782520201,S005,PrimeSmallWindow,2016-11-09,50000.0,363158.10083766613,1.36894,4.382423728E-11,0.01435066998
NGC 3227,155.877412,19.86505,0782520201_1,U002,PrimeSmallWindow,2016-11-10,20700.0,188157.65782414633,1.44787,5.02722878E-11,0.01646773031
NGC 3227,155.877412,19.86505,0782520301,U002,PrimeSmallWindow,2016-11-25,66000.0,405234.7468243012,1.421,3.680051926E-11,0.0120518911
NGC 3227,155.877412,19.86505,0782520401,S005,PrimeSmallWindow,2016-11-29,82400.0,664867.6967299032,1.52538,4.592295303E-11,0.01504314095
NGC 3227,155.877412,19.86505,0782520501,S005,PrimeSmallWindow,2016-12-01,65900.0,625615.5228891956,1.56523,5.370768919E-11,0.01759209187
NGC 3227,155.877412,19.86505,0782520601,S005,PrimeSmallWindow,2016-12-05,85000.0,1002946.8723839582,1.63464,6.271539472E-11,0.02054766367
NGC 3227,155.877412,19.86505,0782520701,U002,PrimeSmallWindow,2016-12-09,80000.0,694166.4014659206,1.45046,5.344220204E-11,0.01749724876
NGC 3516,166.697876,72.568577,0107460601,S003,PrimeSmallWindow,2001-04-10,113800.0,432704.31480358704,1.16276,3.193185368E-11,0.05493993031
NGC 3516,166.697876,72.568577,0107460701,S003,PrimeSmallWindow,2001-11-09,110000.0,255663.33879123916,1.0,1.671673206E-11,0.02876983687
NGC 3516,166.697876,72.568577,0401210401,S003,PrimeSmallWindow,2006-10-06,51000.0,895584.5129387821,1.62234,8.511099523E-11,0.1469739734
NGC 3516,166.697876,72.568577,0401210501,S027,PrimeSmallWindow,2006-10-08,60000.0,969628.7428681013,1.57535,7.641137315E-11,0.1319600895
NGC 3516,166.697876,72.568577,0401210601,S027,PrimeSmallWindow,2006-10-10,60000.0,521645.3541677612,1.39032,5.154290524E-11,0.08882436382
NGC 3516,166.697876,72.568577,0401211001,S027,PrimeSmallWindow,2006-10-12,31000.0,499827.429834759,1.63958,7.454966334E-11,0.1287525723
NGC 3783,174.757342,-37.73867,0112210101,S003,PrimeSmallWindow,2000-12-28,37100.0,431338.3777781117,1.49225,7.323228557E-11,0.1531645462
NGC 3783,174.757342,-37.73867,0112210201,S003,PrimeSmallWindow,2001-12-17,55000.0,425032.92626653874,1.37168,5.31075345E-11,0.1109874867
NGC 3783,174.757342,-37.73867,0112210201_1,U002,PrimeSmallWindow,2001-12-18,67000.0,632072.2747119546,1.4585,5.992132467E-11,0.1253134817
NGC 3783,174.757342,-37.73867,0112210501,S003,PrimeSmallWindow,2001-12-19,136400.0,1603907.6124843238,1.47072,7.540432029E-11,0.1576927842
NGC 3783,174.757342,-37.73867,0780860901,S003,PrimeSmallWindow,2016-12-11,56300.0,153016.25223235838,1.0,2.931854689E-11,0.06100864708
NGC 3783,174.757342,-37.73867,0780861001,S003,PrimeSmallWindow,2016-12-21,31400.0,110334.4145136083,1.0,3.23961032E-11,0.06746560685
NGC 4051,180.79006,44.531334,0109141401,U002,PrimeSmallWindow,2001-05-16,100000.0,1761847.985653414,1.87253,6.264547617E-11,0.007541408671
NGC 4051,180.79006,44.531334,0157560101,S003,PrimeLargeWindow,2002-11-22,33000.0,59235.66724033726,1.13994,1.247804932E-11,0.001501223123
NGC 4051,180.79006,44.531334,0606320101,S003,PrimeSmallWindow,2009-05-03,45200.0,329924.32546895393,1.47109,3.167869508E-11,0.003809803319
NGC 4051,180.79006,44.531334,0606320201,S003,PrimeSmallWindow,2009-05-05,43000.0,494346.35216968355,1.64056,4.440927881E-11,0.005343024722
NGC 4051,180.79006,44.531334,0606320301,S003,PrimeSmallWindow,2009-05-09,30000.0,404741.3369644435,1.62985,5.197922598E-11,0.006254256837
NGC 4051,180.79006,44.531334,0606320401,S003,PrimeSmallWindow,2009-05-11,28000.0,87918.0265764632,1.0,1.661657442E-11,0.001997239375
NGC 4051,180.79006,44.531334,0606321301,U002,PrimeSmallWindow,2009-05-15,30000.0,497995.4537074437,1.76033,5.530303511E-11,0.006658326418
NGC 4051,180.79006,44.531334,0606321401,S003,PrimeSmallWindow,2009-05-17,35000.0,374501.101592344,1.62267,3.845274701E-11,0.004628094881
NGC 4051,180.79006,44.531334,0606321501,S003,PrimeSmallWindow,2009-05-19,38000.0,389110.4445432813,1.57161,3.915540033E-11,0.004711599553
NGC 4051,180.79006,44.531334,0606321601,S003,PrimeSmallWindow,2009-05-21,41400.0,849543.185889071,1.81291,7.381011954E-11,0.008884038538
NGC 4051,180.79006,44.531334,0606321701,U002,PrimeSmallWindow,2009-05-27,38000.0,170250.69290941485,1.40053,2.098004059E-11,0.002522720467
NGC 4051,180.79006,44.531334,0606321801,S003,PrimeSmallWindow,2009-05-29,39000.0,273541.5661101865,1.26065,3.529893021E-11,0.004242889121
NGC 4051,180.79006,44.531334,0606321901,U002,PrimeSmallWindow,2009-06-02,17000.0,59202.781033649764,1.01853,1.457292351E-11,0.001752664059
NGC 4051,180.79006,44.531334,0606322001,U002,PrimeSmallWindow,2009-06-04,36500.0,248267.56936532253,1.32842,3.000428413E-11,0.003608489973
NGC 4051,180.79006,44.531334,0606322101,S003,PrimeSmallWindow,2009-06-08,37000.0,74136.97351502319,1.0,8.678197065E-12,0.001043735043
NGC 4051,180.79006,44.531334,0606322201,S003,PrimeSmallWindow,2009-06-10,33000.0,187923.81362804098,1.28552,2.562255815E-11,0.003081465459
NGC 4051,180.79006,44.531334,0606322301,S003,PrimeSmallWindow,2009-06-16,42000.0,316721.25826562266,1.34206,2.927136359E-11,0.003522308853
NGC 4051,180.79006,44.531334,0830430201,U002,PrimeSmallWindow,2018-11-07,76200.0,794039.9054205407,1.75679,3.889837686E-11,0.00468146594
NGC 4051,180.79006,44.531334,0830430801,S005,PrimeSmallWindow,2018-11-09,44000.0,286187.68312222924,1.67375,2.671261676E-11,0.003214304041
NGC 4151,182.635745,39.40573,0112310101,S001,PrimeSmallWindow,2000-12-21,29900.0,131419.11082580825,1.0,4.611503798E-11,0.01114218059
NGC 4151,182.635745,39.40573,0112830201,S002,PrimeFullWindow,2000-12-22,56900.0,121966.97536683538,1.0,5.079829642E-11,0.01227301166
NGC 4151,182.635745,39.40573,0112830501,S002,PrimeFullWindow,2000-12-22,16000.0,34011.587083113074,1.0,4.942285771E-11,0.01194076435
NGC 4151,182.635745,39.40573,0143500101,S003,PrimeSmallWindow,2003-05-25,18500.0,292254.48687267466,1.0,2.254159174E-10,0.05445530101
NGC 4151,182.635745,39.40573,0143500201,S003,PrimeSmallWindow,2003-05-26,16500.0,264975.1123571945,1.0,2.14552769E-10,0.05183250002
NGC 4151,182.635745,39.40573,0143500301,S003,PrimeSmallWindow,2003-05-27,16900.0,349063.8976453978,1.0,2.763278809E-10,0.06676283559
NGC 4151,182.635745,39.40573,0402660101,S005,PrimeSmallWindow,2006-05-16,39900.0,156344.70101203935,1.0,4.172810409E-11,0.01007989093
NGC 4151,182.635745,39.40573,0402660201,S003,PrimeSmallWindow,2006-11-29,27000.0,164781.1409190544,1.0,8.293769844E-11,0.02003159569
NGC 4151,182.635745,39.40573,0679780201,S001,PrimeSmallWindow,2012-06-10,11000.0,70079.45859662489,1.0,7.50779299E-11,0.01813375506
NGC 4151,182.635745,39.40573,0761670101,U002,PrimeSmallWindow,2015-11-12,26000.0,116777.14822361535,1.0,4.150258172E-11,0.01002504314
NGC 4151,182.635745,39.40573,0761670201,U002,PrimeSmallWindow,2015-11-14,27600.0,143657.2225971916,1.0,4.886786702E-11,0.01180368858
NGC 4151,182.635745,39.40573,0761670301,S003,PrimeSmallWindow,2015-11-16,26500.0,120569.85483143938,1.0,4.205388151E-11,0.0101581952
NGC 4151,182.635745,39.40573,0761670401,S003,PrimeSmallWindow,2015-11-30,43400.0,203260.13797933306,1.0,2.703656794E-11,0.006537200258
NGC 4151,182.635745,39.40573,0761670501,S003,PrimeSmallWindow,2015-11-20,38300.0,225290.09473066858,1.0,5.606615301E-11,0.01354212832
NGC 4151,182.635745,39.40573,0761670601,S012,PrimeSmallWindow,2015-11-22,42000.0,253966.11172107424,1.0,5.829603176E-11,0.01408055301
NGC 4151,182.635745,39.40573,0761670701,S003,PrimeSmallWindow,2015-12-16,48000.0,363168.0928281974,1.0,7.489891973E-11,0.01809030966
NGC 4151,182.635745,39.40573,0761670801,S003,PrimeSmallWindow,2015-12-18,26400.0,216577.7581929933,1.0,8.127000819E-11,0.01962905943
NGC 4151,182.635745,39.40573,0761670901,S003,PrimeSmallWindow,2015-12-22,43000.0,311641.2635952159,1.0,7.329918889E-11,0.01770412569
NGC 4395,186.453592,33.546928,0112521901,S003,PrimeFullWindow,2002-05-31,13900.0,6879.881274126637,1.0,6.414935755E-12,1.578614769E-4
NGC 4395,186.453592,33.546928,0142830101,S003,PrimeFullWindow,2003-11-30,90000.0,94053.30373506549,1.03544,6.912065964E-12,1.701655372E-4
NGC 4395,186.453592,33.546928,0744010101,S003,PrimeSmallWindow,2014-12-28,51900.0,14974.340641636576,1.0,4.81996655E-12,1.186039419E-4
NGC 4395,186.453592,33.546928,0744010201,S003,PrimeSmallWindow,2014-12-30,48200.0,22660.880959096452,1.0,7.252804955E-12,1.784909997E-4
NGC 4593,189.914272,-5.344261,0059830101,U014,PrimeSmallWindow,2002-06-23,76100.0,1355513.201060242,1.72213,7.770258081E-11,0.139498391
NGC 4593,189.914272,-5.344261,0109970101,S005,PrimeSmallWindow,2000-07-02,13000.0,244035.4210915167,1.74705,7.574649654E-11,0.1360689484
NGC 4593,189.914272,-5.344261,0740920201,S003,PrimeSmallWindow,2014-12-29,24400.0,210592.96873319696,1.67741,3.971985978E-11,0.07125045407
NGC 4593,189.914272,-5.344261,0740920301,S003,PrimeSmallWindow,2014-12-31,24400.0,107291.37492637588,1.50868,2.243188712E-11,0.04020325949
NGC 4593,189.914272,-5.344261,0740920401,S003,PrimeSmallWindow,2015-01-02,24400.0,117824.34994213922,1.55249,2.392980851E-11,0.0428974145
NGC 4593,189.914272,-5.344261,0740920501,S003,PrimeSmallWindow,2015-01-04,21000.0,233183.72207984512,1.70758,4.943970077E-11,0.08872423894
NGC 4593,189.914272,-5.344261,0740920601,S003,PrimeSmallWindow,2015-01-06,30300.0,330294.1100601517,1.73263,4.767387953E-11,0.0855721526
NGC 4593,189.914272,-5.344261,0784740101,S001,PrimeSmallWindow,2016-07-14,140500.0,1211114.6200895673,1.63822,3.972741733E-11,0.07127707468
NGC 4748,193.051917,-13.414722,0723100401,S007,PrimeLargeWindow,2014-01-14,50000.0,217851.57950142905,2.0007,2.222913369E-11,0.1067087749
NGC 5273,205.5345,35.65417,0112551701,S003,PrimeFullWindowExtended,2002-06-14,10300.0,14305.007427688959,1.28041,8.155571838E-12,0.002346387952
NGC 5273,205.5345,35.65417,0805080401,S001,PrimeFullWindow,2017-06-02,79800.0,30255.86903405531,1.0,3.522341702E-12,0.001012560782
NGC 5273,205.5345,35.65417,0805080401_1,U014,PrimeFullWindow,2017-06-03,14100.0,4514.377728087875,1.0,2.854571743E-12,8.204455474E-4
NGC 5506,213.31205,-3.207577,0013140101,U002,PrimeLargeWindow,2001-02-02,14600.0,95272.2304788925,1.04171,6.273673121E-11,0.05267157492
NGC 5506,213.31205,-3.207577,0013140201,S003,PrimeLargeWindow,2002-01-09,10600.0,113021.59899771491,1.02087,1.058995181E-10,0.08892406757
NGC 5506,213.31205,-3.207577,0201830201,S003,PrimeSmallWindow,2004-07-11,21100.0,116849.04529945216,1.06274,7.126827892E-11,0.05985698409
NGC 5506,213.31205,-3.207577,0201830301,S003,PrimeSmallWindow,2004-07-14,19900.0,105984.46283129451,1.05155,6.722201251E-11,0.05644569265
NGC 5506,213.31205,-3.207577,0201830401,S003,PrimeSmallWindow,2004-07-22,18500.0,92269.63193448781,1.08881,6.286002163E-11,0.0527954338
NGC 5506,213.31205,-3.207577,0201830501,S003,PrimeSmallWindow,2004-08-07,19900.0,158632.48684607877,1.09166,9.863962593E-11,0.08286224966
NGC 5506,213.31205,-3.207577,0554170101,S003,PrimeSmallWindow,2009-01-02,83400.0,728758.4792649375,1.04982,1.112572633E-10,0.09345569819
NGC 5506,213.31205,-3.207577,0554170201,S003,PrimeSmallWindow,2008-07-27,90400.0,721313.2729481123,1.09058,1.005270349E-10,0.08444742045
NGC 5506,213.31205,-3.207577,0761220101,U002,PrimeSmallWindow,2015-07-08,121000.0,575839.7124891204,1.0,6.225252353E-11,0.0522652828
NGC 5548,214.498058,25.13679,0089960301,S001,PrimeSmallWindow,2001-07-09,84000.0,1280134.659168387,1.64136,6.821411751E-11,0.4496351921
NGC 5548,214.498058,25.13679,0089960401,S001,PrimeSmallWindow,2001-07-12,26200.0,531693.1542289442,1.70608,8.940971814E-11,0.5895592788
NGC 5548,214.498058,25.13679,0109960101,S005,PrimeSmallWindow,2000-12-24,19800.0,242229.3625565677,1.60963,5.398225301E-11,0.355963733
NGC 5548,214.498058,25.13679,0720110301,S003,PrimeSmallWindow,2013-06-22,50400.0,76290.940769443,1.0,1.558309801E-11,0.1013392111
NGC 5548,214.498058,25.13679,0720110401,S003,PrimeSmallWindow,2013-06-30,54400.0,206406.02809625256,1.15164,3.716635044E-11,0.2418694889
NGC 5548,214.498058,25.13679,0720110501,S003,PrimeSmallWindow,2013-07-07,55400.0,139498.34015764436,1.0,2.695450286E-11,0.175331504
NGC 5548,214.498058,25.13679,0720110601,S003,PrimeSmallWindow,2013-07-11,52900.0,210133.46511892142,1.11774,4.013162943E-11,0.261627614
NGC 5548,214.498058,25.13679,0720110701,S003,PrimeSmallWindow,2013-07-15,52900.0,163909.69280654207,1.02065,3.367459406E-11,0.2191403759
NGC 5548,214.498058,25.13679,0720110801,S003,PrimeSmallWindow,2013-07-19,52400.0,159009.64222365813,1.0,3.382798132E-11,0.2199627505
NGC 5548,214.498058,25.13679,0720110901,S003,PrimeSmallWindow,2013-07-21,55400.0,151255.0726357131,1.0,2.916554561E-11,0.1897040118
NGC 5548,214.498058,25.13679,0720111001,S003,PrimeSmallWindow,2013-07-23,53400.0,148736.18964050515,1.0,3.045838791E-11,0.1980712618
NGC 5548,214.498058,25.13679,0720111101,S003,PrimeSmallWindow,2013-07-25,47300.0,170980.33553074117,1.0459,3.583724598E-11,0.233151179
NGC 5548,214.498058,25.13679,0720111201,S003,PrimeSmallWindow,2013-07-27,55400.0,189973.07645610184,1.0249,3.514523312E-11,0.2286361444
NGC 5548,214.498058,25.13679,0720111301,U002,PrimeSmallWindow,2013-07-29,50400.0,161719.51637325445,1.0,3.338010201E-11,0.2171516738
NGC 5548,214.498058,25.13679,0720111401,S003,PrimeSmallWindow,2013-07-31,49900.0,134703.41028417659,1.0,2.91289658E-11,0.1894675462
NGC 5548,214.498058,25.13679,0720111501,S003,PrimeSmallWindow,2013-12-20,55200.0,141756.49292546624,1.0,2.664243092E-11,0.1732979513
NGC 5548,214.498058,25.13679,0720111601,S003,PrimeSmallWindow,2014-02-04,45400.0,166858.28242758306,1.20914,3.190508577E-11,0.2082337057
NGC 5548,214.498058,25.13679,0771000101,S001,PrimeSmallWindow,2016-01-14,20000.0,59917.10732956378,1.15696,2.733196924E-11,0.1782332532
NGC 5548,214.498058,25.13679,0771000201,S001,PrimeSmallWindow,2016-01-16,32400.0,102070.35060432537,1.15964,2.812029403E-11,0.1833819836
NGC 6814,295.6692,-10.3235,0550451801,S003,PrimeFullWindow,2009-04-22,30400.0,232659.38796306495,1.63631,3.354497635E-11,0.02005062514
NGC 6814,295.6692,-10.3235,0764620101,S001,PrimeLargeWindow,2016-04-08,125000.0,717407.9196340042,1.18486,3.108729409E-11,0.01854915584
NGC 6860,302.195375,-61.100194,0552170301,S002,PrimeFullWindow,2009-03-29,85000.0,348915.58653967635,1.64419,3.428592254E-11,0.1688513033
NGC 7213,332.317958,-47.166611,0111810101,U002,PrimeSmallWindow,2001-05-29,42100.0,366082.7348062895,1.69914,3.882445258E-11,0.02922085203
NGC 7213,332.317958,-47.166611,0605800301,S009,PrimeSmallWindow,2009-11-11,112500.0,527388.7882062471,1.65562,2.084118941E-11,0.01568310719
NGC 7314,338.942462,-26.050466,0111790101,S003,PrimeSmallWindow,2001-05-02,43200.0,275323.5806903224,1.70869,4.901406394E-11,0.02443836555
NGC 7314,338.942462,-26.050466,0311190101,S003,PrimeFullWindow,2006-05-03,70000.0,133716.05908357166,1.44855,1.91412095E-11,0.009530010963
NGC 7314,338.942462,-26.050466,0725200101,S003,PrimeSmallWindow,2013-05-17,118000.0,407598.17351444485,1.56515,2.895701577E-11,0.01443173936
NGC 7314,338.942462,-26.050466,0725200301,S003,PrimeSmallWindow,2013-11-28,126000.0,351072.509578202,1.54949,2.343397107E-11,0.01167810606
NGC 7314,338.942462,-26.050466,0790650101,S003,PrimeSmallWindow,2016-05-14,63400.0,359520.5480951008,1.66313,4.444985919E-11,0.0221593981
NGC 7469,345.815095,8.873997,0112170101,S003,PrimeSmallWindow,2000-12-26,17500.0,221483.76920195346,1.80777,5.044283304E-11,0.3007362258
NGC 7469,345.815095,8.873997,0112170301,S003,PrimeSmallWindow,2000-12-26,23000.0,347504.4434584394,1.86421,5.783089487E-11,0.3451144095
NGC 7469,345.815095,8.873997,0207090101,S003,PrimeSmallWindow,2004-11-30,84500.0,1340619.7355696189,1.86696,6.011811915E-11,0.3587902089
NGC 7469,345.815095,8.873997,0207090201,S003,PrimeSmallWindow,2004-12-03,78600.0,1113756.089709859,1.80368,5.621493361E-11,0.3350257416
NGC 7469,345.815095,8.873997,0760350201,S003,PrimeSmallWindow,2015-06-12,73000.0,1181380.2195635843,1.87882,5.955446045E-11,0.3553927886
NGC 7469,345.815095,8.873997,0760350301,S003,PrimeSmallWindow,2015-11-24,78600.0,1195044.306784798,1.80325,5.723829136E-11,0.3412086814
NGC 7469,345.815095,8.873997,0760350401,S003,PrimeSmallWindow,2015-12-15,46000.0,529892.9950074113,1.77113,4.585982986E-11,0.2732923104
NGC 7469,345.815095,8.873997,0760350501,S003,PrimeSmallWindow,2015-12-23,78000.0,975739.9978912349,1.78916,4.880573094E-11,0.2908790489
NGC 7469,345.815095,8.873997,0760350601,S003,PrimeSmallWindow,2015-12-24,90000.0,1232458.178963423,1.7886,5.52243788E-11,0.3290119264
NGC 7469,345.815095,8.873997,0760350701,S003,PrimeSmallWindow,2015-12-26,67000.0,825356.5187216324,1.74404,4.920297017E-11,0.2930433493
NGC 7469,345.815095,8.873997,0760350801,S003,PrimeSmallWindow,2015-12-28,95000.0,1367992.5006621245,1.77306,5.918049355E-11,0.3526366442
NGC 985,38.657371,-8.787621,0150470601,S003,PrimeSmallWindow,2003-07-15,27500.0,75086.73359869764,1.47824,1.383047079E-11,0.5871256351
NGC 985,38.657371,-8.787621,0690870101,S003,PrimeFullWindow,2013-07-20,17000.0,24529.294048011303,1.0,1.0028836E-11,0.4173580035
NGC 985,38.657371,-8.787621,0690870501,S003,PrimeSmallWindow,2013-08-10,97100.0,118619.92485773981,1.05094,9.828348162E-12,0.4096948577
NGC 985,38.657371,-8.787621,0743830501,S003,PrimeSmallWindow,2015-01-13,70500.0,382886.20334801805,1.71581,2.25081734E-11,0.9652514577
NGC 985,38.657371,-8.787621,0743830601,S003,PrimeSmallWindow,2015-01-25,113000.0,904027.5590439844,1.77944,3.186471422E-11,1.370153801
PG 1211+143,183.573625,14.053639,0112610101,U002,PrimeLargeWindow,2001-06-15,46000.0,79403.4624802708,1.72254,7.724198108E-12,1.234770927
PG 1211+143,183.573625,14.053639,0208020101,S003,PrimeLargeWindow,2004-06-21,42000.0,139732.9863988181,1.83033,8.234776184E-12,1.33294784
PG 1211+143,183.573625,14.053639,0502050101,S003,PrimeLargeWindow,2007-12-21,46000.0,129703.50398085265,2.01945,1.373767912E-11,2.255508396
PG 1211+143,183.573625,14.053639,0502050201,S003,PrimeLargeWindow,2007-12-23,34800.0,106094.51662947773,1.94955,1.203664651E-11,1.955332326
PG 1211+143,183.573625,14.053639,0745110101,S003,PrimeLargeWindow,2014-06-02,83600.0,323569.2007019236,1.96769,9.855520542E-12,1.606196781
PG 1211+143,183.573625,14.053639,0745110201,S003,PrimeLargeWindow,2014-06-16,100000.0,257217.14825373067,1.78789,7.566134432E-12,1.209883821
PG 1211+143,183.573625,14.053639,0745110301,S003,PrimeLargeWindow,2014-06-20,93600.0,208082.59985612228,1.85124,9.586963486E-12,1.557896337
PG 1211+143,183.573625,14.053639,0745110401,S003,PrimeLargeWindow,2014-06-23,94600.0,357286.42859932367,1.89548,9.884920128E-12,1.607701557
PG 1211+143,183.573625,14.053639,0745110501,S003,PrimeLargeWindow,2014-06-25,49800.0,248893.64451663758,2.03302,1.227497245E-11,2.006799284
PG 1211+143,183.573625,14.053639,0745110601,S003,PrimeLargeWindow,2014-06-30,52000.0,133412.37878928482,1.98218,1.091861846E-11,1.792514436
PG 1211+143,183.573625,14.053639,0745110701,S003,PrimeLargeWindow,2014-07-07,95600.0,349294.23175258195,1.94535,9.372076956E-12,1.528361457
PG 1244+026,191.646866,2.369108,0675320101,S003,PrimeSmallWindow,2011-12-25,123000.0,732314.189529495,2.43293,1.601053861E-11,0.8952413663
PG 1244+026,191.646866,2.369108,0744440101,S003,PrimeSmallWindow,2014-12-20,105000.0,396521.2488305241,2.3221,9.92552036E-12,0.5546053246
PG 1244+026,191.646866,2.369108,0744440201,S003,PrimeSmallWindow,2014-12-22,85000.0,387377.83073166735,2.31219,1.21905816E-11,0.6806584205
PG 1244+026,191.646866,2.369108,0744440301,S003,PrimeSmallWindow,2014-12-24,56000.0,256276.71883394683,2.23088,1.205754947E-11,0.6738063547
PG 1244+026,191.646866,2.369108,0744440401,S003,PrimeSmallWindow,2014-12-26,45000.0,201682.25141387212,2.36992,1.2036644E-11,0.6724493584
PG 1244+026,191.646866,2.369108,0744440501,S003,PrimeSmallWindow,2015-01-15,110000.0,419113.73695623537,2.32941,1.027573674E-11,0.5738038001
PG 1448+273,222.78645,27.15736,0152660101,S003,PrimeLargeWindow,2003-02-08,13000.0,16993.22580943243,2.39206,7.531899853E-12,0.7816079349
PG 1448+273,222.78645,27.15736,0781430101,S003,PrimeSmallWindow,2017-01-24,80000.0,118861.40594567315,1.91425,4.523935839E-12,0.4654166001
PG 1448+273,222.78645,27.15736,0781430101_1,U015,PrimeSmallWindow,2017-01-25,26000.0,36445.125341677725,1.92606,4.294660514E-12,0.4423636725
Pictor A,79.957171,-45.778828,0090050701,S003,PrimeFullWindow,2001-03-17,16000.0,49014.44109807398,1.69502,1.119507913E-11,0.3136865332
Pictor A,79.957171,-45.778828,0206390101,S014,PrimeFullWindow,2005-01-14,51800.0,94038.25695952958,1.67054,1.789320945E-11,0.5016502775
PKS 0558-504,89.947417,-50.447889,0117500201,S025,PrimeFullWindow,2000-02-10,13900.0,74607.37737079803,2.16529,3.841706006E-11,19.50401307
PKS 0558-504,89.947417,-50.447889,0117710601,S047,PrimeFullWindow,2000-02-13,15900.0,77882.26946832855,2.11511,2.399734137E-11,12.17283061
PKS 0558-504,89.947417,-50.447889,0117710601_1,S048,PrimeFullWindow,2000-02-13,15500.0,59743.407615021155,2.11564,2.73403604E-11,13.87123029
PKS 0558-504,89.947417,-50.447889,0117710701,S025,PrimeFullWindow,2000-02-12,15000.0,82344.01304084399,2.11031,3.532912659E-11,17.85170121
PKS 0558-504,89.947417,-50.447889,0119100301,U062,PrimeFullWindow,2000-03-02,12400.0,98841.76145015215,2.41352,6.084485469E-11,31.18829852
PKS 0558-504,89.947417,-50.447889,0120300801,U006,PrimeSmallWindow,2000-03-07,17500.0,277836.96499680064,2.2173,4.598182532E-11,23.52993442
PKS 0558-504,89.947417,-50.447889,0125110101_1,S003,PrimeSmallWindow,2000-05-24,13500.0,158629.60397161718,2.11108,3.624000254E-11,18.52976257
PKS 0558-504,89.947417,-50.447889,0129360201,S001,PrimeSmallWindow,2000-10-10,10500.0,120601.32142127155,2.1383,3.559545338E-11,18.09954383
PKS 0558-504,89.947417,-50.447889,0137550201,S003,PrimeFullWindow,2001-06-26,11600.0,70398.88537882676,2.03627,2.710160154E-11,13.61675376
PKS 0558-504,89.947417,-50.447889,0137550601,S003,PrimeFullWindow,2001-10-19,11200.0,146050.00936042433,2.23079,5.748835732E-11,28.94548867
PKS 0558-504,89.947417,-50.447889,0555170201,S001,PrimeSmallWindow,2008-09-07,80000.0,694479.0825316025,2.09002,2.713133835E-11,13.7203439
PKS 0558-504,89.947417,-50.447889,0555170301,U002,PrimeSmallWindow,2008-09-09,105000.0,943233.9460708376,2.11892,2.823649078E-11,14.31146488
PKS 0558-504,89.947417,-50.447889,0555170401,U002,PrimeSmallWindow,2008-09-11,91000.0,1140491.242369857,2.11945,4.050754492E-11,20.44000339
PKS 0558-504,89.947417,-50.447889,0555170501,U002,PrimeSmallWindow,2008-09-13,105000.0,1099852.5875636886,2.11676,3.376045273E-11,17.01213417
PKS 0558-504,89.947417,-50.447889,0555170601,S001,PrimeSmallWindow,2008-09-15,105000.0,1417062.682930546,2.12471,4.281713191E-11,21.63856616
PKS J1220+0203,185.04945,2.06172,0802560101,S003,PrimeLargeWindow,2017-06-07,47600.0,90412.487377721,1.73084,7.608915135E-12,12.72424314
RBS 229,25.07082,-0.83417,0744450301,S003,PrimeLargeWindow,2015-01-29,47300.0,81935.0671514107,1.86064,4.739899559E-12,17.12108712
RE J1034+396,158.660829,39.641158,0109070101,S003,PrimeLargeWindow,2002-05-01,12800.0,20036.588736252124,2.32645,8.372859012E-12,0.3686903602
RE J1034+396,158.660829,39.641158,0506440101,S003,PrimeFullWindow,2007-05-31,84000.0,104035.34123773783,2.26202,8.27007735E-12,0.3632497035
RE J1034+396,158.660829,39.641158,0561580201,U002,PrimeSmallWindow,2009-05-31,50000.0,229769.0397336376,2.24222,1.147907602E-11,0.5057109119
RE J1034+396,158.660829,39.641158,0655310101,S003,PrimeSmallWindow,2010-05-09,21500.0,70115.52710922035,2.24081,8.191082375E-12,0.3598949354
RE J1034+396,158.660829,39.641158,0655310201,S003,PrimeSmallWindow,2010-05-11,37000.0,109108.31248694727,2.27228,8.138975303E-12,0.356853896
RE J1034+396,158.660829,39.641158,0675440101,S001,PrimeSmallWindow,2011-05-27,17000.0,57128.40987719887,2.38932,8.859086015E-12,0.3903898094
RE J1034+396,158.660829,39.641158,0675440301,S001,PrimeSmallWindow,2011-05-07,17300.0,88175.72426993767,2.08901,1.337123395E-11,0.5864462241
RE J1034+396,158.660829,39.641158,0824030101,S003,PrimeSmallWindow,2018-10-30,37000.0,120152.45728637784,2.25482,8.336995408E-12,0.3675757906
RX J0136.9-3510,24.226667,-35.164444,0303340101,S003,PrimeFullWindow,2005-12-14,43200.0,38083.889000226154,2.26237,4.036635765E-12,12.41541637
RX J0439.6-5311,69.91125,-53.19194,0741390101,S003,PrimeSmallWindow,2014-05-29,25400.0,38865.907776346605,2.59818,4.40151322E-12,9.691418618
RX J0439.6-5311,69.91125,-53.19194,0764530101,S003,PrimeLargeWindow,2016-02-12,131700.0,211476.19424738694,2.69261,4.705873081E-12,10.13903122
SWIFT J2127.4+5654,321.937292,56.944361,0601741901,S009,PrimeFullWindow,2009-11-11,21500.0,165371.22410069377,1.78764,5.111820143E-11,0.2354557592
SWIFT J2127.4+5654,321.937292,56.944361,0655450101,S003,PrimeSmallWindow,2010-11-29,114000.0,316633.9622078935,1.70354,2.302649415E-11,0.1059932971
SWIFT J2127.4+5654,321.937292,56.944361,0693781701,S003,PrimeSmallWindow,2012-11-04,130000.0,490957.3366018588,1.78919,2.975446922E-11,0.1370136661
SWIFT J2127.4+5654,321.937292,56.944361,0693781801,S003,PrimeSmallWindow,2012-11-06,122000.0,559175.6072509587,1.79552,3.594332287E-11,0.1655162558
SWIFT J2127.4+5654,321.937292,56.944361,0693781901,S003,PrimeSmallWindow,2012-11-08,66400.0,365022.3431464418,1.85025,4.178025227E-11,0.1925753613
TON S180,14.33419,-22.3823,0110890401,S001,PrimeSmallWindow,2000-12-14,29000.0,217662.98081243923,2.27887,2.239459717E-11,2.131922111
TON S180,14.33419,-22.3823,0110890701,S001,PrimeSmallWindow,2002-06-30,17900.0,99269.1835170719,2.1828,1.672773256E-11,1.588481814
TON S180,14.33419,-22.3823,0764170101,S004,PrimeSmallWindow,2015-07-03,110000.0,571030.7389123351,2.19018,1.534125188E-11,1.453747439
TON S180,14.33419,-22.3823,0790990101,S003,PrimeSmallWindow,2016-06-13,30400.0,102592.59628793623,2.13087,1.029037296E-11,0.9783288458
Ton 28,151.01085,28.9265,0804560101,S003,PrimeLargeWindow,2017-05-14,40600.0,34956.39573529105,2.34737,1.921197392E-12,7.4883047
